order_id,tanggal,kategori,kota,unit_terjual,harga_satuan,metode_pembayaran
ORD-1000,2026-07-07T00:00:00.000000000,Kesehatan & Kecantikan,Magelang,9,250000,E-Wallet
ORD-1001,2026-07-20T00:00:00.000000000,Makanan & Minuman,Yogyakarta,9,50000,Kartu Kredit
ORD-1002,2026-07-29T00:00:00.000000000,Fashion,Purworejo,2,50000,Kartu Kredit
ORD-1003,2026-07-15T00:00:00.000000000,Elektronik,Solo,3,50000,E-Wallet
ORD-1004,2026-07-11T00:00:00.000000000,Elektronik,Semarang,5,250000,Transfer Bank
ORD-1005,2026-07-08T00:00:00.000000000,Fashion,Solo,5,100000,COD
ORD-1006,2026-07-29T00:00:00.000000000,Makanan & Minuman,Yogyakarta,1,25000,E-Wallet
ORD-1007,2026-07-21T00:00:00.000000000,Kesehatan & Kecantikan,Solo,8,250000,Transfer Bank
ORD-1008,2026-07-07T00:00:00.000000000,Makanan & Minuman,Magelang,8,250000,Transfer Bank
ORD-1009,2026-07-26T00:00:00.000000000,Fashion,Yogyakarta,4,25000,Kartu Kredit
ORD-1010,2026-07-19T00:00:00.000000000,Rumah Tangga,Semarang,7,50000,COD
ORD-1011,2026-07-23T00:00:00.000000000,Kesehatan & Kecantikan,Magelang,3,150000,COD
ORD-1012,2026-07-11T00:00:00.000000000,Makanan & Minuman,Yogyakarta,6,25000,Kartu Kredit
ORD-1013,2026-07-11T00:00:00.000000000,Makanan & Minuman,Semarang,9,100000,E-Wallet
ORD-1014,2026-07-24T00:00:00.000000000,Fashion,Magelang,1,75000,E-Wallet
ORD-1015,2026-07-21T00:00:00.000000000,Elektronik,Magelang,5,75000,E-Wallet
ORD-1016,2026-07-04T00:00:00.000000000,Fashion,Yogyakarta,4,500000,Transfer Bank
ORD-1017,2026-07-08T00:00:00.000000000,Kesehatan & Kecantikan,Purworejo,8,500000,E-Wallet
ORD-1018,2026-07-24T00:00:00.000000000,Elektronik,Magelang,1,250000,COD
ORD-1019,2026-07-03T00:00:00.000000000,Elektronik,Magelang,9,75000,E-Wallet
ORD-1020,2026-07-22T00:00:00.000000000,Elektronik,Semarang,6,150000,Kartu Kredit
ORD-1021,2026-07-21T00:00:00.000000000,Elektronik,Solo,4,50000,E-Wallet
ORD-1022,2026-07-02T00:00:00.000000000,Rumah Tangga,Yogyakarta,9,100000,E-Wallet
ORD-1023,2026-07-24T00:00:00.000000000,Kesehatan & Kecantikan,Yogyakarta,5,500000,E-Wallet
ORD-1024,2026-07-12T00:00:00.000000000,Fashion,Purworejo,5,150000,E-Wallet
ORD-1025,2026-07-30T00:00:00.000000000,Elektronik,Purworejo,5,100000,COD
ORD-1026,2026-07-06T00:00:00.000000000,Fashion,Yogyakarta,1,100000,Transfer Bank
ORD-1027,2026-07-02T00:00:00.000000000,Fashion,Purworejo,1,50000,E-Wallet
ORD-1028,2026-07-28T00:00:00.000000000,Elektronik,Semarang,8,250000,Transfer Bank
ORD-1029,2026-07-21T00:00:00.000000000,Fashion,Yogyakarta,8,75000,E-Wallet
ORD-1030,2026-07-01T00:00:00.000000000,Fashion,Purworejo,6,50000,E-Wallet
ORD-1031,2026-07-12T00:00:00.000000000,Makanan & Minuman,Yogyakarta,4,150000,COD
ORD-1032,2026-07-26T00:00:00.000000000,Makanan & Minuman,Solo,2,250000,Kartu Kredit
ORD-1033,2026-07-22T00:00:00.000000000,Elektronik,Magelang,2,150000,E-Wallet
ORD-1034,2026-07-29T00:00:00.000000000,Fashion,Yogyakarta,9,250000,COD
ORD-1035,2026-07-12T00:00:00.000000000,Makanan & Minuman,Magelang,5,500000,E-Wallet
ORD-1036,2026-07-25T00:00:00.000000000,Makanan & Minuman,Purworejo,4,150000,E-Wallet
ORD-1037,2026-07-17T00:00:00.000000000,Rumah Tangga,Magelang,1,50000,Transfer Bank
ORD-1038,2026-07-27T00:00:00.000000000,Makanan & Minuman,Yogyakarta,7,250000,Transfer Bank
ORD-1039,2026-07-27T00:00:00.000000000,Elektronik,Solo,3,250000,E-Wallet
ORD-1040,2026-07-31T00:00:00.000000000,Elektronik,Purworejo,6,100000,E-Wallet
ORD-1041,2026-07-10T00:00:00.000000000,Makanan & Minuman,Yogyakarta,5,100000,Transfer Bank
ORD-1042,2026-07-28T00:00:00.000000000,Elektronik,Purworejo,5,25000,Transfer Bank
ORD-1043,2026-07-28T00:00:00.000000000,Makanan & Minuman,Semarang,5,150000,Transfer Bank
ORD-1044,2026-07-16T00:00:00.000000000,Rumah Tangga,Magelang,1,100000,Kartu Kredit
ORD-1045,2026-07-15T00:00:00.000000000,Makanan & Minuman,Semarang,1,25000,Transfer Bank
ORD-1046,2026-07-30T00:00:00.000000000,Fashion,Yogyakarta,3,500000,E-Wallet
ORD-1047,2026-07-30T00:00:00.000000000,Makanan & Minuman,Solo,4,500000,Transfer Bank
ORD-1048,2026-07-15T00:00:00.000000000,Fashion,Purworejo,5,100000,E-Wallet
ORD-1049,2026-07-30T00:00:00.000000000,Makanan & Minuman,Magelang,2,150000,Transfer Bank
ORD-1050,2026-07-19T00:00:00.000000000,Rumah Tangga,Purworejo,8,250000,Transfer Bank
ORD-1051,2026-07-12T00:00:00.000000000,Fashion,Yogyakarta,2,75000,E-Wallet
ORD-1052,2026-07-23T00:00:00.000000000,Rumah Tangga,Purworejo,9,150000,Transfer Bank
ORD-1053,2026-07-20T00:00:00.000000000,Rumah Tangga,Magelang,2,50000,Transfer Bank
ORD-1054,2026-07-25T00:00:00.000000000,Elektronik,Yogyakarta,9,500000,Transfer Bank
ORD-1055,2026-07-03T00:00:00.000000000,Elektronik,Purworejo,7,100000,Transfer Bank
ORD-1056,2026-07-05T00:00:00.000000000,Elektronik,Solo,8,100000,Transfer Bank
ORD-1057,2026-07-19T00:00:00.000000000,Elektronik,Yogyakarta,2,250000,Transfer Bank
ORD-1058,2026-07-07T00:00:00.000000000,Elektronik,Yogyakarta,7,50000,COD
ORD-1059,2026-07-21T00:00:00.000000000,Makanan & Minuman,Solo,6,250000,E-Wallet
ORD-1060,2026-07-09T00:00:00.000000000,Elektronik,Semarang,4,50000,E-Wallet
ORD-1061,2026-07-07T00:00:00.000000000,Fashion,Magelang,7,75000,Transfer Bank
ORD-1062,2026-07-18T00:00:00.000000000,Kesehatan & Kecantikan,Semarang,4,500000,Kartu Kredit
ORD-1063,2026-07-04T00:00:00.000000000,Elektronik,Purworejo,2,100000,E-Wallet
ORD-1064,2026-07-25T00:00:00.000000000,Kesehatan & Kecantikan,Solo,7,100000,Transfer Bank
ORD-1065,2026-07-28T00:00:00.000000000,Fashion,Semarang,8,75000,E-Wallet
ORD-1066,2026-07-14T00:00:00.000000000,Elektronik,Yogyakarta,2,25000,Transfer Bank
ORD-1067,2026-07-18T00:00:00.000000000,Makanan & Minuman,Purworejo,5,500000,Transfer Bank
ORD-1068,2026-07-26T00:00:00.000000000,Makanan & Minuman,Purworejo,1,250000,E-Wallet
ORD-1069,2026-07-09T00:00:00.000000000,Rumah Tangga,Semarang,7,75000,Kartu Kredit
ORD-1070,2026-07-26T00:00:00.000000000,Kesehatan & Kecantikan,Semarang,8,250000,E-Wallet
ORD-1071,2026-07-21T00:00:00.000000000,Kesehatan & Kecantikan,Solo,6,150000,COD
ORD-1072,2026-07-02T00:00:00.000000000,Fashion,Magelang,5,100000,Kartu Kredit
ORD-1073,2026-07-20T00:00:00.000000000,Elektronik,Semarang,6,250000,Transfer Bank
ORD-1074,2026-07-28T00:00:00.000000000,Kesehatan & Kecantikan,Semarang,2,50000,Transfer Bank
ORD-1075,2026-07-15T00:00:00.000000000,Kesehatan & Kecantikan,Yogyakarta,1,250000,E-Wallet
ORD-1076,2026-07-28T00:00:00.000000000,Rumah Tangga,Purworejo,7,150000,E-Wallet
ORD-1077,2026-07-07T00:00:00.000000000,Fashion,Magelang,7,500000,E-Wallet
ORD-1078,2026-07-12T00:00:00.000000000,Fashion,Yogyakarta,2,100000,Kartu Kredit
ORD-1079,2026-07-29T00:00:00.000000000,Kesehatan & Kecantikan,Solo,2,75000,COD
ORD-1080,2026-07-08T00:00:00.000000000,Fashion,Solo,1,150000,E-Wallet
ORD-1081,2026-07-15T00:00:00.000000000,Rumah Tangga,Semarang,8,100000,Transfer Bank
ORD-1082,2026-07-03T00:00:00.000000000,Rumah Tangga,Semarang,8,250000,COD
ORD-1083,2026-07-14T00:00:00.000000000,Fashion,Solo,1,500000,Kartu Kredit
ORD-1084,2026-07-17T00:00:00.000000000,Kesehatan & Kecantikan,Semarang,8,25000,COD
ORD-1085,2026-07-04T00:00:00.000000000,Kesehatan & Kecantikan,Magelang,9,500000,Transfer Bank
ORD-1086,2026-07-18T00:00:00.000000000,Elektronik,Semarang,4,25000,E-Wallet
ORD-1087,2026-07-08T00:00:00.000000000,Rumah Tangga,Purworejo,1,50000,Transfer Bank
ORD-1088,2026-07-04T00:00:00.000000000,Makanan & Minuman,Semarang,1,500000,Transfer Bank
ORD-1089,2026-07-02T00:00:00.000000000,Kesehatan & Kecantikan,Yogyakarta,3,100000,Transfer Bank
ORD-1090,2026-07-30T00:00:00.000000000,Fashion,Magelang,5,25000,E-Wallet
ORD-1091,2026-07-06T00:00:00.000000000,Rumah Tangga,Yogyakarta,5,75000,COD
ORD-1092,2026-07-22T00:00:00.000000000,Fashion,Yogyakarta,9,100000,Transfer Bank
ORD-1093,2026-07-10T00:00:00.000000000,Elektronik,Purworejo,2,75000,E-Wallet
ORD-1094,2026-07-04T00:00:00.000000000,Rumah Tangga,Magelang,2,500000,E-Wallet
ORD-1095,2026-07-22T00:00:00.000000000,Elektronik,Magelang,6,75000,E-Wallet
ORD-1096,2026-07-29T00:00:00.000000000,Fashion,Magelang,9,25000,Transfer Bank
ORD-1097,2026-07-31T00:00:00.000000000,Rumah Tangga,Magelang,1,100000,E-Wallet
ORD-1098,2026-07-18T00:00:00.000000000,Rumah Tangga,Magelang,9,250000,COD
ORD-1099,2026-07-26T00:00:00.000000000,Makanan & Minuman,Purworejo,9,150000,Transfer Bank
ORD-1100,2026-07-12T00:00:00.000000000,Makanan & Minuman,Semarang,9,25000,Transfer Bank
ORD-1101,2026-07-02T00:00:00.000000000,Fashion,Yogyakarta,5,25000,E-Wallet
ORD-1102,2026-07-10T00:00:00.000000000,Fashion,Magelang,9,250000,Kartu Kredit
ORD-1103,2026-07-30T00:00:00.000000000,Fashion,Semarang,4,100000,COD
ORD-1104,2026-07-04T00:00:00.000000000,Makanan & Minuman,Semarang,2,100000,COD
ORD-1105,2026-07-14T00:00:00.000000000,Kesehatan & Kecantikan,Yogyakarta,6,500000,E-Wallet
ORD-1106,2026-07-31T00:00:00.000000000,Kesehatan & Kecantikan,Purworejo,4,75000,E-Wallet
ORD-1107,2026-07-16T00:00:00.000000000,Kesehatan & Kecantikan,Solo,6,500000,Transfer Bank
ORD-1108,2026-07-15T00:00:00.000000000,Elektronik,Solo,3,250000,E-Wallet
ORD-1109,2026-07-08T00:00:00.000000000,Fashion,Semarang,6,500000,Kartu Kredit
ORD-1110,2026-07-14T00:00:00.000000000,Elektronik,Yogyakarta,2,250000,E-Wallet
ORD-1111,2026-07-23T00:00:00.000000000,Makanan & Minuman,Solo,2,100000,Kartu Kredit
ORD-1112,2026-07-28T00:00:00.000000000,Fashion,Semarang,9,75000,COD
ORD-1113,2026-07-25T00:00:00.000000000,Rumah Tangga,Purworejo,7,500000,Transfer Bank
ORD-1114,2026-07-30T00:00:00.000000000,Fashion,Solo,3,25000,Kartu Kredit
ORD-1115,2026-07-08T00:00:00.000000000,Elektronik,Semarang,1,50000,Transfer Bank
ORD-1116,2026-07-21T00:00:00.000000000,Elektronik,Semarang,8,150000,E-Wallet
ORD-1117,2026-07-16T00:00:00.000000000,Kesehatan & Kecantikan,Magelang,6,25000,Transfer Bank
ORD-1118,2026-07-13T00:00:00.000000000,Makanan & Minuman,Purworejo,7,100000,Transfer Bank
ORD-1119,2026-07-18T00:00:00.000000000,Elektronik,Magelang,9,150000,E-Wallet
ORD-1120,2026-07-15T00:00:00.000000000,Elektronik,Yogyakarta,5,50000,Transfer Bank
ORD-1121,2026-07-21T00:00:00.000000000,Kesehatan & Kecantikan,Magelang,1,50000,E-Wallet
ORD-1122,2026-07-24T00:00:00.000000000,Elektronik,Magelang,7,75000,E-Wallet
ORD-1123,2026-07-26T00:00:00.000000000,Kesehatan & Kecantikan,Solo,5,150000,Transfer Bank
ORD-1124,2026-07-25T00:00:00.000000000,Kesehatan & Kecantikan,Semarang,3,75000,Transfer Bank
ORD-1125,2026-07-28T00:00:00.000000000,Elektronik,Purworejo,9,25000,E-Wallet
ORD-1126,2026-07-28T00:00:00.000000000,Elektronik,Magelang,1,250000,Transfer Bank
ORD-1127,2026-07-28T00:00:00.000000000,Rumah Tangga,Purworejo,1,250000,COD
ORD-1128,2026-07-13T00:00:00.000000000,Fashion,Magelang,1,250000,COD
ORD-1129,2026-07-09T00:00:00.000000000,Fashion,Yogyakarta,3,150000,COD
ORD-1130,2026-07-29T00:00:00.000000000,Kesehatan & Kecantikan,Magelang,6,250000,COD
ORD-1131,2026-07-15T00:00:00.000000000,Rumah Tangga,Solo,3,25000,E-Wallet
ORD-1132,2026-07-13T00:00:00.000000000,Rumah Tangga,Semarang,8,75000,COD
ORD-1133,2026-07-01T00:00:00.000000000,Kesehatan & Kecantikan,Yogyakarta,2,150000,Transfer Bank
ORD-1134,2026-07-25T00:00:00.000000000,Fashion,Magelang,9,75000,Transfer Bank
ORD-1135,2026-07-07T00:00:00.000000000,Elektronik,Purworejo,3,150000,COD
ORD-1136,2026-07-09T00:00:00.000000000,Kesehatan & Kecantikan,Yogyakarta,5,75000,E-Wallet
ORD-1137,2026-07-24T00:00:00.000000000,Makanan & Minuman,Yogyakarta,8,50000,COD
ORD-1138,2026-07-01T00:00:00.000000000,Fashion,Magelang,2,75000,COD
ORD-1139,2026-07-12T00:00:00.000000000,Rumah Tangga,Yogyakarta,6,250000,Kartu Kredit
ORD-1140,2026-07-08T00:00:00.000000000,Elektronik,Purworejo,5,50000,Kartu Kredit
ORD-1141,2026-07-24T00:00:00.000000000,Fashion,Yogyakarta,9,75000,E-Wallet
ORD-1142,2026-07-31T00:00:00.000000000,Elektronik,Purworejo,5,150000,Transfer Bank
ORD-1143,2026-07-11T00:00:00.000000000,Fashion,Magelang,2,150000,E-Wallet
ORD-1144,2026-07-19T00:00:00.000000000,Elektronik,Semarang,5,150000,E-Wallet
ORD-1145,2026-07-17T00:00:00.000000000,Elektronik,Yogyakarta,4,100000,E-Wallet
ORD-1146,2026-07-08T00:00:00.000000000,Elektronik,Semarang,7,25000,COD
ORD-1147,2026-07-03T00:00:00.000000000,Makanan & Minuman,Purworejo,6,150000,COD
ORD-1148,2026-07-03T00:00:00.000000000,Kesehatan & Kecantikan,Yogyakarta,2,50000,E-Wallet
ORD-1149,2026-07-01T00:00:00.000000000,Makanan & Minuman,Solo,5,150000,Transfer Bank
ORD-1150,2026-07-27T00:00:00.000000000,Rumah Tangga,Semarang,7,100000,E-Wallet
ORD-1151,2026-07-05T00:00:00.000000000,Fashion,Yogyakarta,7,250000,Transfer Bank
ORD-1152,2026-07-10T00:00:00.000000000,Fashion,Semarang,5,50000,Kartu Kredit
ORD-1153,2026-07-07T00:00:00.000000000,Rumah Tangga,Yogyakarta,9,100000,Transfer Bank
ORD-1154,2026-07-26T00:00:00.000000000,Elektronik,Magelang,4,250000,Transfer Bank
ORD-1155,2026-07-09T00:00:00.000000000,Rumah Tangga,Semarang,3,500000,Transfer Bank
ORD-1156,2026-07-28T00:00:00.000000000,Elektronik,Solo,4,500000,E-Wallet
ORD-1157,2026-07-07T00:00:00.000000000,Rumah Tangga,Solo,5,50000,E-Wallet
ORD-1158,2026-07-09T00:00:00.000000000,Elektronik,Purworejo,6,75000,Transfer Bank
ORD-1159,2026-07-08T00:00:00.000000000,Rumah Tangga,Yogyakarta,3,25000,Transfer Bank
ORD-1160,2026-07-12T00:00:00.000000000,Makanan & Minuman,Semarang,2,25000,E-Wallet
ORD-1161,2026-07-02T00:00:00.000000000,Rumah Tangga,Purworejo,4,100000,Transfer Bank
ORD-1162,2026-07-01T00:00:00.000000000,Elektronik,Semarang,5,250000,COD
ORD-1163,2026-07-16T00:00:00.000000000,Makanan & Minuman,Yogyakarta,4,25000,E-Wallet
ORD-1164,2026-07-23T00:00:00.000000000,Rumah Tangga,Solo,3,250000,E-Wallet
ORD-1165,2026-07-23T00:00:00.000000000,Makanan & Minuman,Magelang,8,250000,Transfer Bank
ORD-1166,2026-07-30T00:00:00.000000000,Makanan & Minuman,Solo,4,100000,Kartu Kredit
ORD-1167,2026-07-24T00:00:00.000000000,Makanan & Minuman,Purworejo,2,100000,E-Wallet
ORD-1168,2026-07-05T00:00:00.000000000,Fashion,Magelang,2,100000,COD
ORD-1169,2026-07-03T00:00:00.000000000,Makanan & Minuman,Purworejo,1,25000,Transfer Bank
ORD-1170,2026-07-12T00:00:00.000000000,Makanan & Minuman,Yogyakarta,4,500000,E-Wallet
ORD-1171,2026-07-08T00:00:00.000000000,Rumah Tangga,Magelang,9,100000,Transfer Bank
ORD-1172,2026-07-22T00:00:00.000000000,Elektronik,Purworejo,7,25000,E-Wallet
ORD-1173,2026-07-27T00:00:00.000000000,Fashion,Yogyakarta,7,100000,Kartu Kredit
ORD-1174,2026-07-03T00:00:00.000000000,Rumah Tangga,Solo,7,150000,E-Wallet
ORD-1175,2026-07-01T00:00:00.000000000,Rumah Tangga,Yogyakarta,8,250000,Transfer Bank
ORD-1176,2026-07-03T00:00:00.000000000,Fashion,Semarang,1,100000,Transfer Bank
ORD-1177,2026-07-05T00:00:00.000000000,Makanan & Minuman,Yogyakarta,8,50000,E-Wallet
ORD-1178,2026-07-15T00:00:00.000000000,Fashion,Yogyakarta,4,250000,Transfer Bank
ORD-1179,2026-07-14T00:00:00.000000000,Elektronik,Semarang,4,250000,Transfer Bank
ORD-1180,2026-07-03T00:00:00.000000000,Fashion,Purworejo,4,100000,COD
ORD-1181,2026-07-01T00:00:00.000000000,Fashion,Purworejo,6,500000,E-Wallet
ORD-1182,2026-07-05T00:00:00.000000000,Makanan & Minuman,Yogyakarta,7,75000,Transfer Bank
ORD-1183,2026-07-26T00:00:00.000000000,Elektronik,Semarang,6,500000,Kartu Kredit
ORD-1184,2026-07-23T00:00:00.000000000,Rumah Tangga,Semarang,1,100000,Transfer Bank
ORD-1185,2026-07-31T00:00:00.000000000,Rumah Tangga,Solo,8,250000,Kartu Kredit
ORD-1186,2026-07-14T00:00:00.000000000,Makanan & Minuman,Purworejo,7,50000,Transfer Bank
ORD-1187,2026-07-07T00:00:00.000000000,Makanan & Minuman,Magelang,6,250000,Kartu Kredit
ORD-1188,2026-07-27T00:00:00.000000000,Fashion,Purworejo,6,500000,E-Wallet
ORD-1189,2026-07-09T00:00:00.000000000,Kesehatan & Kecantikan,Purworejo,5,50000,COD
ORD-1190,2026-07-15T00:00:00.000000000,Makanan & Minuman,Solo,6,25000,Kartu Kredit
ORD-1191,2026-07-15T00:00:00.000000000,Elektronik,Magelang,9,150000,Transfer Bank
ORD-1192,2026-07-26T00:00:00.000000000,Rumah Tangga,Solo,9,250000,Kartu Kredit
ORD-1193,2026-07-10T00:00:00.000000000,Kesehatan & Kecantikan,Magelang,8,100000,E-Wallet
ORD-1194,2026-07-28T00:00:00.000000000,Rumah Tangga,Yogyakarta,9,25000,E-Wallet
ORD-1195,2026-07-13T00:00:00.000000000,Kesehatan & Kecantikan,Magelang,8,150000,Transfer Bank
ORD-1196,2026-07-19T00:00:00.000000000,Makanan & Minuman,Solo,8,100000,E-Wallet
ORD-1197,2026-07-31T00:00:00.000000000,Fashion,Purworejo,1,75000,Transfer Bank
ORD-1198,2026-07-07T00:00:00.000000000,Rumah Tangga,Magelang,5,100000,E-Wallet
ORD-1199,2026-07-17T00:00:00.000000000,Rumah Tangga,Magelang,4,50000,E-Wallet
ORD-1200,2026-07-20T00:00:00.000000000,Elektronik,Semarang,2,50000,COD
ORD-1201,2026-07-29T00:00:00.000000000,Elektronik,Purworejo,8,75000,COD
ORD-1202,2026-07-04T00:00:00.000000000,Fashion,Yogyakarta,3,25000,E-Wallet
ORD-1203,2026-07-30T00:00:00.000000000,Kesehatan & Kecantikan,Solo,4,150000,Transfer Bank
ORD-1204,2026-07-05T00:00:00.000000000,Rumah Tangga,Yogyakarta,7,100000,Transfer Bank
ORD-1205,2026-07-23T00:00:00.000000000,Elektronik,Purworejo,9,50000,Transfer Bank
ORD-1206,2026-07-07T00:00:00.000000000,Makanan & Minuman,Magelang,2,25000,Transfer Bank
ORD-1207,2026-07-13T00:00:00.000000000,Fashion,Magelang,3,75000,Transfer Bank
ORD-1208,2026-07-15T00:00:00.000000000,Rumah Tangga,Purworejo,4,500000,Transfer Bank
ORD-1209,2026-07-11T00:00:00.000000000,Kesehatan & Kecantikan,Magelang,1,250000,Kartu Kredit
ORD-1210,2026-07-29T00:00:00.000000000,Kesehatan & Kecantikan,Magelang,7,500000,E-Wallet
ORD-1211,2026-07-04T00:00:00.000000000,Fashion,Magelang,2,500000,Transfer Bank
ORD-1212,2026-07-13T00:00:00.000000000,Fashion,Solo,5,50000,E-Wallet
ORD-1213,2026-07-07T00:00:00.000000000,Fashion,Solo,1,75000,Transfer Bank
ORD-1214,2026-07-27T00:00:00.000000000,Elektronik,Semarang,3,100000,E-Wallet
ORD-1215,2026-07-19T00:00:00.000000000,Rumah Tangga,Yogyakarta,2,500000,E-Wallet
ORD-1216,2026-07-22T00:00:00.000000000,Kesehatan & Kecantikan,Purworejo,1,500000,E-Wallet
ORD-1217,2026-07-28T00:00:00.000000000,Rumah Tangga,Purworejo,7,150000,E-Wallet
ORD-1218,2026-07-02T00:00:00.000000000,Rumah Tangga,Purworejo,5,50000,Kartu Kredit
ORD-1219,2026-07-10T00:00:00.000000000,Makanan & Minuman,Semarang,1,50000,Kartu Kredit
ORD-1220,2026-07-13T00:00:00.000000000,Kesehatan & Kecantikan,Solo,6,100000,E-Wallet
ORD-1221,2026-07-30T00:00:00.000000000,Rumah Tangga,Semarang,5,250000,E-Wallet
ORD-1222,2026-07-25T00:00:00.000000000,Kesehatan & Kecantikan,Purworejo,3,25000,E-Wallet
ORD-1223,2026-07-21T00:00:00.000000000,Elektronik,Yogyakarta,7,150000,Transfer Bank
ORD-1224,2026-07-06T00:00:00.000000000,Fashion,Magelang,9,50000,E-Wallet
ORD-1225,2026-07-28T00:00:00.000000000,Elektronik,Solo,9,150000,Transfer Bank
ORD-1226,2026-07-28T00:00:00.000000000,Rumah Tangga,Solo,9,50000,E-Wallet
ORD-1227,2026-07-12T00:00:00.000000000,Makanan & Minuman,Semarang,2,150000,E-Wallet
ORD-1228,2026-07-12T00:00:00.000000000,Elektronik,Solo,3,75000,Transfer Bank
ORD-1229,2026-07-20T00:00:00.000000000,Makanan & Minuman,Purworejo,7,500000,Kartu Kredit
ORD-1230,2026-07-30T00:00:00.000000000,Makanan & Minuman,Purworejo,5,50000,Kartu Kredit
ORD-1231,2026-07-30T00:00:00.000000000,Fashion,Semarang,2,150000,COD
ORD-1232,2026-07-11T00:00:00.000000000,Elektronik,Purworejo,3,25000,E-Wallet
ORD-1233,2026-07-26T00:00:00.000000000,Makanan & Minuman,Yogyakarta,6,75000,Kartu Kredit
ORD-1234,2026-07-23T00:00:00.000000000,Makanan & Minuman,Semarang,7,75000,Transfer Bank
ORD-1235,2026-07-28T00:00:00.000000000,Kesehatan & Kecantikan,Yogyakarta,9,25000,COD
ORD-1236,2026-07-25T00:00:00.000000000,Makanan & Minuman,Magelang,1,150000,Transfer Bank
ORD-1237,2026-07-07T00:00:00.000000000,Rumah Tangga,Yogyakarta,7,100000,COD
ORD-1238,2026-07-30T00:00:00.000000000,Makanan & Minuman,Magelang,8,25000,Transfer Bank
ORD-1239,2026-07-01T00:00:00.000000000,Makanan & Minuman,Magelang,3,150000,Kartu Kredit
ORD-1240,2026-07-01T00:00:00.000000000,Rumah Tangga,Yogyakarta,4,25000,Kartu Kredit
ORD-1241,2026-07-25T00:00:00.000000000,Fashion,Semarang,6,25000,Transfer Bank
ORD-1242,2026-07-27T00:00:00.000000000,Elektronik,Purworejo,7,50000,E-Wallet
ORD-1243,2026-07-30T00:00:00.000000000,Elektronik,Purworejo,4,150000,Kartu Kredit
ORD-1244,2026-07-25T00:00:00.000000000,Kesehatan & Kecantikan,Magelang,8,100000,E-Wallet
ORD-1245,2026-07-20T00:00:00.000000000,Makanan & Minuman,Magelang,5,500000,Kartu Kredit
ORD-1246,2026-07-13T00:00:00.000000000,Kesehatan & Kecantikan,Semarang,1,50000,E-Wallet
ORD-1247,2026-07-09T00:00:00.000000000,Elektronik,Solo,4,25000,E-Wallet
ORD-1248,2026-07-03T00:00:00.000000000,Elektronik,Yogyakarta,3,500000,Transfer Bank
ORD-1249,2026-07-07T00:00:00.000000000,Elektronik,Magelang,9,250000,Transfer Bank
ORD-1250,2026-07-06T00:00:00.000000000,Fashion,Purworejo,8,500000,COD
ORD-1251,2026-07-08T00:00:00.000000000,Makanan & Minuman,Semarang,1,25000,E-Wallet
ORD-1252,2026-07-27T00:00:00.000000000,Fashion,Yogyakarta,6,25000,E-Wallet
ORD-1253,2026-07-09T00:00:00.000000000,Fashion,Semarang,9,150000,E-Wallet
ORD-1254,2026-07-30T00:00:00.000000000,Rumah Tangga,Yogyakarta,7,150000,E-Wallet
ORD-1255,2026-07-05T00:00:00.000000000,Fashion,Yogyakarta,4,50000,Kartu Kredit
ORD-1256,2026-07-01T00:00:00.000000000,Makanan & Minuman,Magelang,1,100000,Kartu Kredit
ORD-1257,2026-07-19T00:00:00.000000000,Kesehatan & Kecantikan,Semarang,2,50000,E-Wallet
ORD-1258,2026-07-10T00:00:00.000000000,Fashion,Semarang,5,75000,COD
ORD-1259,2026-07-12T00:00:00.000000000,Makanan & Minuman,Purworejo,5,25000,COD
ORD-1260,2026-07-24T00:00:00.000000000,Rumah Tangga,Purworejo,8,500000,E-Wallet
ORD-1261,2026-07-15T00:00:00.000000000,Rumah Tangga,Magelang,6,250000,Kartu Kredit
ORD-1262,2026-07-27T00:00:00.000000000,Elektronik,Magelang,8,25000,Transfer Bank
ORD-1263,2026-07-22T00:00:00.000000000,Rumah Tangga,Solo,2,25000,Transfer Bank
ORD-1264,2026-07-24T00:00:00.000000000,Fashion,Purworejo,3,50000,Kartu Kredit
ORD-1265,2026-07-09T00:00:00.000000000,Fashion,Yogyakarta,6,250000,E-Wallet
ORD-1266,2026-07-20T00:00:00.000000000,Fashion,Semarang,3,250000,COD
ORD-1267,2026-07-17T00:00:00.000000000,Rumah Tangga,Magelang,6,250000,Kartu Kredit
ORD-1268,2026-07-30T00:00:00.000000000,Fashion,Semarang,6,50000,Transfer Bank
ORD-1269,2026-07-17T00:00:00.000000000,Fashion,Semarang,2,25000,Kartu Kredit
ORD-1270,2026-07-26T00:00:00.000000000,Makanan & Minuman,Solo,7,50000,E-Wallet
ORD-1271,2026-07-20T00:00:00.000000000,Elektronik,Purworejo,2,150000,E-Wallet
ORD-1272,2026-07-12T00:00:00.000000000,Elektronik,Magelang,6,150000,E-Wallet
ORD-1273,2026-07-30T00:00:00.000000000,Elektronik,Semarang,1,50000,Kartu Kredit
ORD-1274,2026-07-07T00:00:00.000000000,Elektronik,Magelang,3,250000,Transfer Bank
ORD-1275,2026-07-02T00:00:00.000000000,Elektronik,Yogyakarta,2,25000,E-Wallet
ORD-1276,2026-07-03T00:00:00.000000000,Elektronik,Solo,7,50000,COD
ORD-1277,2026-07-17T00:00:00.000000000,Makanan & Minuman,Yogyakarta,4,50000,COD
ORD-1278,2026-07-05T00:00:00.000000000,Elektronik,Magelang,8,50000,COD
ORD-1279,2026-07-17T00:00:00.000000000,Fashion,Magelang,6,75000,Transfer Bank
ORD-1280,2026-07-24T00:00:00.000000000,Rumah Tangga,Purworejo,4,150000,Transfer Bank
ORD-1281,2026-07-17T00:00:00.000000000,Fashion,Semarang,5,500000,E-Wallet
ORD-1282,2026-07-27T00:00:00.000000000,Makanan & Minuman,Semarang,9,250000,COD
ORD-1283,2026-07-17T00:00:00.000000000,Elektronik,Yogyakarta,7,100000,Transfer Bank
ORD-1284,2026-07-02T00:00:00.000000000,Elektronik,Solo,9,500000,Transfer Bank
ORD-1285,2026-07-02T00:00:00.000000000,Elektronik,Semarang,7,250000,Kartu Kredit
ORD-1286,2026-07-28T00:00:00.000000000,Elektronik,Purworejo,1,100000,Transfer Bank
ORD-1287,2026-07-22T00:00:00.000000000,Fashion,Yogyakarta,8,75000,Kartu Kredit
ORD-1288,2026-07-23T00:00:00.000000000,Elektronik,Yogyakarta,4,50000,COD
ORD-1289,2026-07-05T00:00:00.000000000,Elektronik,Purworejo,3,75000,COD
ORD-1290,2026-07-01T00:00:00.000000000,Elektronik,Solo,7,75000,Transfer Bank
ORD-1291,2026-07-01T00:00:00.000000000,Fashion,Purworejo,3,500000,Transfer Bank
ORD-1292,2026-07-19T00:00:00.000000000,Elektronik,Solo,8,25000,COD
ORD-1293,2026-07-30T00:00:00.000000000,Fashion,Purworejo,6,500000,COD
ORD-1294,2026-07-02T00:00:00.000000000,Makanan & Minuman,Purworejo,5,150000,COD
ORD-1295,2026-07-21T00:00:00.000000000,Makanan & Minuman,Magelang,4,100000,Transfer Bank
ORD-1296,2026-07-12T00:00:00.000000000,Elektronik,Yogyakarta,8,50000,COD
ORD-1297,2026-07-26T00:00:00.000000000,Kesehatan & Kecantikan,Purworejo,8,500000,COD
ORD-1298,2026-07-06T00:00:00.000000000,Makanan & Minuman,Purworejo,1,100000,COD
ORD-1299,2026-07-23T00:00:00.000000000,Elektronik,Semarang,9,250000,COD
ORD-1300,2026-07-04T00:00:00.000000000,Rumah Tangga,Yogyakarta,5,100000,COD
ORD-1301,2026-07-23T00:00:00.000000000,Rumah Tangga,Semarang,4,250000,E-Wallet
ORD-1302,2026-07-11T00:00:00.000000000,Elektronik,Yogyakarta,6,500000,Transfer Bank
ORD-1303,2026-07-24T00:00:00.000000000,Fashion,Semarang,6,150000,E-Wallet
ORD-1304,2026-07-27T00:00:00.000000000,Kesehatan & Kecantikan,Purworejo,2,500000,Transfer Bank
ORD-1305,2026-07-17T00:00:00.000000000,Kesehatan & Kecantikan,Purworejo,8,250000,E-Wallet
ORD-1306,2026-07-31T00:00:00.000000000,Elektronik,Magelang,7,100000,E-Wallet
ORD-1307,2026-07-06T00:00:00.000000000,Elektronik,Semarang,1,100000,Transfer Bank
ORD-1308,2026-07-24T00:00:00.000000000,Fashion,Solo,5,250000,Transfer Bank
ORD-1309,2026-07-05T00:00:00.000000000,Fashion,Magelang,6,75000,Transfer Bank
ORD-1310,2026-07-20T00:00:00.000000000,Makanan & Minuman,Semarang,4,150000,COD
ORD-1311,2026-07-02T00:00:00.000000000,Fashion,Semarang,2,25000,Kartu Kredit
ORD-1312,2026-07-06T00:00:00.000000000,Fashion,Magelang,4,50000,Transfer Bank
ORD-1313,2026-07-22T00:00:00.000000000,Kesehatan & Kecantikan,Purworejo,1,100000,Kartu Kredit
ORD-1314,2026-07-11T00:00:00.000000000,Elektronik,Semarang,7,50000,E-Wallet
ORD-1315,2026-07-31T00:00:00.000000000,Fashion,Purworejo,2,25000,Transfer Bank
ORD-1316,2026-07-16T00:00:00.000000000,Kesehatan & Kecantikan,Magelang,2,500000,Transfer Bank
ORD-1317,2026-07-16T00:00:00.000000000,Rumah Tangga,Purworejo,9,50000,E-Wallet
ORD-1318,2026-07-01T00:00:00.000000000,Makanan & Minuman,Yogyakarta,5,25000,COD
ORD-1319,2026-07-09T00:00:00.000000000,Makanan & Minuman,Solo,2,250000,COD
ORD-1320,2026-07-28T00:00:00.000000000,Elektronik,Semarang,9,75000,Transfer Bank
ORD-1321,2026-07-27T00:00:00.000000000,Fashion,Solo,9,100000,Transfer Bank
ORD-1322,2026-07-06T00:00:00.000000000,Makanan & Minuman,Purworejo,1,25000,E-Wallet
ORD-1323,2026-07-16T00:00:00.000000000,Elektronik,Semarang,3,50000,Transfer Bank
ORD-1324,2026-07-29T00:00:00.000000000,Fashion,Purworejo,4,100000,Transfer Bank
ORD-1325,2026-07-03T00:00:00.000000000,Fashion,Yogyakarta,7,75000,Transfer Bank
ORD-1326,2026-07-20T00:00:00.000000000,Elektronik,Magelang,4,250000,COD
ORD-1327,2026-07-28T00:00:00.000000000,Fashion,Semarang,2,500000,Kartu Kredit
ORD-1328,2026-07-27T00:00:00.000000000,Elektronik,Yogyakarta,7,100000,E-Wallet
ORD-1329,2026-07-04T00:00:00.000000000,Fashion,Yogyakarta,6,500000,Kartu Kredit
ORD-1330,2026-07-19T00:00:00.000000000,Elektronik,Semarang,3,25000,Transfer Bank
ORD-1331,2026-07-26T00:00:00.000000000,Rumah Tangga,Purworejo,6,75000,E-Wallet
ORD-1332,2026-07-03T00:00:00.000000000,Makanan & Minuman,Yogyakarta,6,50000,Transfer Bank
ORD-1333,2026-07-31T00:00:00.000000000,Makanan & Minuman,Solo,5,75000,E-Wallet
ORD-1334,2026-07-19T00:00:00.000000000,Kesehatan & Kecantikan,Yogyakarta,4,75000,Kartu Kredit
ORD-1335,2026-07-20T00:00:00.000000000,Fashion,Purworejo,1,150000,E-Wallet
ORD-1336,2026-07-07T00:00:00.000000000,Elektronik,Purworejo,6,75000,E-Wallet
ORD-1337,2026-07-20T00:00:00.000000000,Makanan & Minuman,Solo,2,75000,E-Wallet
ORD-1338,2026-07-09T00:00:00.000000000,Makanan & Minuman,Yogyakarta,3,100000,Transfer Bank
ORD-1339,2026-07-01T00:00:00.000000000,Kesehatan & Kecantikan,Purworejo,8,50000,Kartu Kredit
ORD-1340,2026-07-08T00:00:00.000000000,Fashion,Semarang,6,100000,E-Wallet
ORD-1341,2026-07-07T00:00:00.000000000,Elektronik,Magelang,3,100000,E-Wallet
ORD-1342,2026-07-18T00:00:00.000000000,Fashion,Magelang,7,25000,E-Wallet
ORD-1343,2026-07-08T00:00:00.000000000,Fashion,Magelang,4,100000,E-Wallet
ORD-1344,2026-07-01T00:00:00.000000000,Makanan & Minuman,Yogyakarta,9,150000,Transfer Bank
ORD-1345,2026-07-11T00:00:00.000000000,Makanan & Minuman,Solo,5,150000,COD
ORD-1346,2026-07-28T00:00:00.000000000,Fashion,Purworejo,3,500000,Transfer Bank
ORD-1347,2026-07-25T00:00:00.000000000,Rumah Tangga,Semarang,2,25000,COD
ORD-1348,2026-07-25T00:00:00.000000000,Makanan & Minuman,Semarang,2,500000,COD
ORD-1349,2026-07-18T00:00:00.000000000,Elektronik,Yogyakarta,3,500000,COD
ORD-1350,2026-07-23T00:00:00.000000000,Elektronik,Magelang,2,250000,E-Wallet
ORD-1351,2026-07-31T00:00:00.000000000,Elektronik,Yogyakarta,4,50000,E-Wallet
ORD-1352,2026-07-30T00:00:00.000000000,Elektronik,Solo,2,50000,Transfer Bank
ORD-1353,2026-07-10T00:00:00.000000000,Elektronik,Solo,9,100000,COD
ORD-1354,2026-07-03T00:00:00.000000000,Elektronik,Purworejo,2,100000,Transfer Bank
ORD-1355,2026-07-07T00:00:00.000000000,Fashion,Purworejo,9,250000,E-Wallet
ORD-1356,2026-07-28T00:00:00.000000000,Elektronik,Solo,6,100000,Transfer Bank
ORD-1357,2026-07-16T00:00:00.000000000,Rumah Tangga,Solo,1,50000,Transfer Bank
ORD-1358,2026-07-26T00:00:00.000000000,Elektronik,Solo,4,500000,E-Wallet
ORD-1359,2026-07-16T00:00:00.000000000,Makanan & Minuman,Yogyakarta,1,75000,Transfer Bank
ORD-1360,2026-07-25T00:00:00.000000000,Fashion,Solo,6,150000,COD
ORD-1361,2026-07-20T00:00:00.000000000,Rumah Tangga,Semarang,4,75000,Transfer Bank
ORD-1362,2026-07-28T00:00:00.000000000,Elektronik,Magelang,3,75000,Transfer Bank
ORD-1363,2026-07-17T00:00:00.000000000,Fashion,Solo,3,50000,E-Wallet
ORD-1364,2026-07-02T00:00:00.000000000,Rumah Tangga,Magelang,9,75000,Transfer Bank
ORD-1365,2026-07-01T00:00:00.000000000,Rumah Tangga,Yogyakarta,6,250000,Transfer Bank
ORD-1366,2026-07-16T00:00:00.000000000,Kesehatan & Kecantikan,Magelang,9,25000,COD
ORD-1367,2026-07-30T00:00:00.000000000,Fashion,Yogyakarta,5,100000,Transfer Bank
ORD-1368,2026-07-12T00:00:00.000000000,Elektronik,Semarang,2,25000,COD
ORD-1369,2026-07-05T00:00:00.000000000,Makanan & Minuman,Yogyakarta,8,500000,Transfer Bank
ORD-1370,2026-07-05T00:00:00.000000000,Rumah Tangga,Yogyakarta,5,150000,Transfer Bank
ORD-1371,2026-07-27T00:00:00.000000000,Makanan & Minuman,Purworejo,2,100000,COD
ORD-1372,2026-07-23T00:00:00.000000000,Makanan & Minuman,Solo,4,75000,Transfer Bank
ORD-1373,2026-07-09T00:00:00.000000000,Fashion,Solo,9,150000,Transfer Bank
ORD-1374,2026-07-09T00:00:00.000000000,Kesehatan & Kecantikan,Semarang,4,100000,E-Wallet
ORD-1375,2026-07-03T00:00:00.000000000,Elektronik,Semarang,4,250000,Transfer Bank
ORD-1376,2026-07-19T00:00:00.000000000,Fashion,Solo,2,250000,COD
ORD-1377,2026-07-16T00:00:00.000000000,Fashion,Purworejo,6,250000,Transfer Bank
ORD-1378,2026-07-16T00:00:00.000000000,Makanan & Minuman,Solo,2,250000,COD
ORD-1379,2026-07-03T00:00:00.000000000,Elektronik,Purworejo,7,75000,Kartu Kredit
ORD-1380,2026-07-20T00:00:00.000000000,Elektronik,Semarang,3,25000,E-Wallet
ORD-1381,2026-07-24T00:00:00.000000000,Makanan & Minuman,Magelang,3,100000,Kartu Kredit
ORD-1382,2026-07-22T00:00:00.000000000,Fashion,Semarang,5,75000,E-Wallet
ORD-1383,2026-07-24T00:00:00.000000000,Makanan & Minuman,Semarang,3,250000,Kartu Kredit
ORD-1384,2026-07-01T00:00:00.000000000,Elektronik,Yogyakarta,2,500000,Transfer Bank
ORD-1385,2026-07-24T00:00:00.000000000,Fashion,Yogyakarta,9,25000,COD
ORD-1386,2026-07-20T00:00:00.000000000,Makanan & Minuman,Yogyakarta,2,500000,E-Wallet
ORD-1387,2026-07-11T00:00:00.000000000,Elektronik,Yogyakarta,2,150000,E-Wallet
ORD-1388,2026-07-17T00:00:00.000000000,Fashion,Purworejo,8,500000,E-Wallet
ORD-1389,2026-07-08T00:00:00.000000000,Elektronik,Solo,9,150000,COD
ORD-1390,2026-07-04T00:00:00.000000000,Elektronik,Magelang,7,150000,Transfer Bank
ORD-1391,2026-07-06T00:00:00.000000000,Rumah Tangga,Semarang,3,250000,Transfer Bank
ORD-1392,2026-07-08T00:00:00.000000000,Fashion,Purworejo,9,150000,COD
ORD-1393,2026-07-20T00:00:00.000000000,Kesehatan & Kecantikan,Magelang,3,50000,COD
ORD-1394,2026-07-30T00:00:00.000000000,Fashion,Purworejo,5,100000,Kartu Kredit
ORD-1395,2026-07-03T00:00:00.000000000,Makanan & Minuman,Purworejo,9,100000,COD
ORD-1396,2026-07-16T00:00:00.000000000,Kesehatan & Kecantikan,Semarang,3,250000,Kartu Kredit
ORD-1397,2026-07-30T00:00:00.000000000,Makanan & Minuman,Solo,7,50000,COD
ORD-1398,2026-07-25T00:00:00.000000000,Fashion,Yogyakarta,1,500000,Transfer Bank
ORD-1399,2026-07-03T00:00:00.000000000,Fashion,Solo,4,75000,Transfer Bank
ORD-1400,2026-07-25T00:00:00.000000000,Fashion,Semarang,4,500000,COD
ORD-1401,2026-07-29T00:00:00.000000000,Rumah Tangga,Semarang,7,75000,E-Wallet
ORD-1402,2026-07-18T00:00:00.000000000,Kesehatan & Kecantikan,Semarang,8,150000,Transfer Bank
ORD-1403,2026-07-14T00:00:00.000000000,Rumah Tangga,Magelang,1,25000,E-Wallet
ORD-1404,2026-07-18T00:00:00.000000000,Elektronik,Solo,5,75000,Kartu Kredit
ORD-1405,2026-07-02T00:00:00.000000000,Kesehatan & Kecantikan,Solo,7,25000,E-Wallet
ORD-1406,2026-07-22T00:00:00.000000000,Rumah Tangga,Purworejo,4,100000,E-Wallet
ORD-1407,2026-07-03T00:00:00.000000000,Elektronik,Purworejo,4,25000,E-Wallet
ORD-1408,2026-07-16T00:00:00.000000000,Elektronik,Purworejo,4,100000,Transfer Bank
ORD-1409,2026-07-29T00:00:00.000000000,Kesehatan & Kecantikan,Semarang,6,50000,E-Wallet
ORD-1410,2026-07-09T00:00:00.000000000,Makanan & Minuman,Solo,7,50000,E-Wallet
ORD-1411,2026-07-04T00:00:00.000000000,Kesehatan & Kecantikan,Semarang,2,250000,Transfer Bank
ORD-1412,2026-07-01T00:00:00.000000000,Elektronik,Magelang,5,250000,COD
ORD-1413,2026-07-04T00:00:00.000000000,Kesehatan & Kecantikan,Purworejo,4,150000,E-Wallet
ORD-1414,2026-07-01T00:00:00.000000000,Elektronik,Semarang,3,75000,COD
ORD-1415,2026-07-14T00:00:00.000000000,Elektronik,Semarang,7,150000,Kartu Kredit
ORD-1416,2026-07-21T00:00:00.000000000,Elektronik,Magelang,6,100000,Transfer Bank
ORD-1417,2026-07-16T00:00:00.000000000,Kesehatan & Kecantikan,Yogyakarta,7,150000,COD
ORD-1418,2026-07-20T00:00:00.000000000,Makanan & Minuman,Solo,5,25000,E-Wallet
ORD-1419,2026-07-24T00:00:00.000000000,Makanan & Minuman,Yogyakarta,6,100000,Kartu Kredit
ORD-1420,2026-07-08T00:00:00.000000000,Fashion,Purworejo,5,250000,Transfer Bank
ORD-1421,2026-07-07T00:00:00.000000000,Rumah Tangga,Semarang,7,50000,COD
ORD-1422,2026-07-03T00:00:00.000000000,Fashion,Magelang,2,250000,E-Wallet
ORD-1423,2026-07-17T00:00:00.000000000,Kesehatan & Kecantikan,Magelang,5,75000,Transfer Bank
ORD-1424,2026-07-01T00:00:00.000000000,Fashion,Solo,6,100000,Transfer Bank
ORD-1425,2026-07-16T00:00:00.000000000,Fashion,Yogyakarta,6,100000,COD
ORD-1426,2026-07-12T00:00:00.000000000,Fashion,Solo,5,25000,COD
ORD-1427,2026-07-27T00:00:00.000000000,Fashion,Semarang,7,75000,Transfer Bank
ORD-1428,2026-07-19T00:00:00.000000000,Kesehatan & Kecantikan,Solo,8,50000,E-Wallet
ORD-1429,2026-07-22T00:00:00.000000000,Makanan & Minuman,Magelang,7,500000,E-Wallet
ORD-1430,2026-07-23T00:00:00.000000000,Elektronik,Magelang,5,100000,COD
ORD-1431,2026-07-22T00:00:00.000000000,Rumah Tangga,Purworejo,1,100000,Transfer Bank
ORD-1432,2026-07-14T00:00:00.000000000,Fashion,Purworejo,5,25000,Kartu Kredit
ORD-1433,2026-07-30T00:00:00.000000000,Makanan & Minuman,Semarang,2,150000,Transfer Bank
ORD-1434,2026-07-06T00:00:00.000000000,Rumah Tangga,Yogyakarta,5,50000,E-Wallet
ORD-1435,2026-07-06T00:00:00.000000000,Makanan & Minuman,Solo,5,250000,Transfer Bank
ORD-1436,2026-07-13T00:00:00.000000000,Elektronik,Semarang,2,75000,Transfer Bank
ORD-1437,2026-07-19T00:00:00.000000000,Rumah Tangga,Purworejo,5,100000,E-Wallet
ORD-1438,2026-07-22T00:00:00.000000000,Makanan & Minuman,Solo,4,100000,Transfer Bank
ORD-1439,2026-07-08T00:00:00.000000000,Fashion,Purworejo,1,250000,COD
ORD-1440,2026-07-27T00:00:00.000000000,Elektronik,Solo,3,50000,Transfer Bank
ORD-1441,2026-07-27T00:00:00.000000000,Kesehatan & Kecantikan,Yogyakarta,1,150000,E-Wallet
ORD-1442,2026-07-02T00:00:00.000000000,Makanan & Minuman,Semarang,5,100000,Transfer Bank
ORD-1443,2026-07-21T00:00:00.000000000,Makanan & Minuman,Solo,4,50000,Transfer Bank
ORD-1444,2026-07-30T00:00:00.000000000,Rumah Tangga,Magelang,7,250000,Transfer Bank
ORD-1445,2026-07-01T00:00:00.000000000,Kesehatan & Kecantikan,Magelang,5,25000,E-Wallet
ORD-1446,2026-07-28T00:00:00.000000000,Elektronik,Solo,4,150000,E-Wallet
ORD-1447,2026-07-15T00:00:00.000000000,Fashion,Solo,2,75000,E-Wallet
ORD-1448,2026-07-01T00:00:00.000000000,Elektronik,Solo,4,100000,E-Wallet
ORD-1449,2026-07-05T00:00:00.000000000,Kesehatan & Kecantikan,Magelang,2,50000,E-Wallet
ORD-1450,2026-07-28T00:00:00.000000000,Elektronik,Magelang,8,25000,Transfer Bank
ORD-1451,2026-07-29T00:00:00.000000000,Makanan & Minuman,Solo,3,75000,E-Wallet
ORD-1452,2026-07-16T00:00:00.000000000,Kesehatan & Kecantikan,Purworejo,9,500000,Kartu Kredit
ORD-1453,2026-07-19T00:00:00.000000000,Rumah Tangga,Purworejo,4,50000,E-Wallet
ORD-1454,2026-07-04T00:00:00.000000000,Fashion,Yogyakarta,6,50000,COD
ORD-1455,2026-07-03T00:00:00.000000000,Kesehatan & Kecantikan,Semarang,5,75000,Transfer Bank
ORD-1456,2026-07-17T00:00:00.000000000,Elektronik,Purworejo,1,25000,COD
ORD-1457,2026-07-17T00:00:00.000000000,Kesehatan & Kecantikan,Magelang,9,500000,COD
ORD-1458,2026-07-12T00:00:00.000000000,Elektronik,Purworejo,1,250000,E-Wallet
ORD-1459,2026-07-28T00:00:00.000000000,Fashion,Yogyakarta,8,25000,Kartu Kredit
ORD-1460,2026-07-30T00:00:00.000000000,Kesehatan & Kecantikan,Yogyakarta,9,150000,Transfer Bank
ORD-1461,2026-07-29T00:00:00.000000000,Elektronik,Semarang,9,100000,Transfer Bank
ORD-1462,2026-07-14T00:00:00.000000000,Elektronik,Purworejo,1,75000,COD
ORD-1463,2026-07-21T00:00:00.000000000,Kesehatan & Kecantikan,Magelang,2,250000,COD
ORD-1464,2026-07-06T00:00:00.000000000,Kesehatan & Kecantikan,Magelang,1,500000,Transfer Bank
ORD-1465,2026-07-03T00:00:00.000000000,Makanan & Minuman,Solo,2,75000,Transfer Bank
ORD-1466,2026-07-28T00:00:00.000000000,Makanan & Minuman,Magelang,8,75000,Transfer Bank
ORD-1467,2026-07-09T00:00:00.000000000,Makanan & Minuman,Semarang,5,25000,Transfer Bank
ORD-1468,2026-07-05T00:00:00.000000000,Fashion,Semarang,7,100000,COD
ORD-1469,2026-07-24T00:00:00.000000000,Fashion,Magelang,2,150000,E-Wallet
ORD-1470,2026-07-29T00:00:00.000000000,Elektronik,Magelang,8,50000,Transfer Bank
ORD-1471,2026-07-17T00:00:00.000000000,Rumah Tangga,Solo,6,50000,E-Wallet
ORD-1472,2026-07-14T00:00:00.000000000,Makanan & Minuman,Magelang,8,75000,Transfer Bank
ORD-1473,2026-07-21T00:00:00.000000000,Fashion,Solo,1,100000,Transfer Bank
ORD-1474,2026-07-31T00:00:00.000000000,Fashion,Solo,1,500000,E-Wallet
ORD-1475,2026-07-03T00:00:00.000000000,Rumah Tangga,Magelang,7,500000,Kartu Kredit
ORD-1476,2026-07-28T00:00:00.000000000,Elektronik,Yogyakarta,8,250000,COD
ORD-1477,2026-07-01T00:00:00.000000000,Makanan & Minuman,Yogyakarta,3,25000,Transfer Bank
ORD-1478,2026-07-20T00:00:00.000000000,Makanan & Minuman,Solo,5,100000,Kartu Kredit
ORD-1479,2026-07-31T00:00:00.000000000,Makanan & Minuman,Magelang,1,100000,COD
ORD-1480,2026-07-29T00:00:00.000000000,Elektronik,Yogyakarta,7,25000,COD
ORD-1481,2026-07-21T00:00:00.000000000,Rumah Tangga,Magelang,5,500000,E-Wallet
ORD-1482,2026-07-23T00:00:00.000000000,Rumah Tangga,Magelang,8,500000,E-Wallet
ORD-1483,2026-07-01T00:00:00.000000000,Makanan & Minuman,Magelang,8,500000,Transfer Bank
ORD-1484,2026-07-03T00:00:00.000000000,Makanan & Minuman,Purworejo,9,75000,Transfer Bank
ORD-1485,2026-07-18T00:00:00.000000000,Rumah Tangga,Magelang,7,100000,Transfer Bank
ORD-1486,2026-07-25T00:00:00.000000000,Kesehatan & Kecantikan,Purworejo,1,50000,Transfer Bank
ORD-1487,2026-07-10T00:00:00.000000000,Elektronik,Solo,3,25000,E-Wallet
ORD-1488,2026-07-31T00:00:00.000000000,Makanan & Minuman,Yogyakarta,8,500000,COD
ORD-1489,2026-07-22T00:00:00.000000000,Makanan & Minuman,Yogyakarta,3,250000,E-Wallet
ORD-1490,2026-07-26T00:00:00.000000000,Fashion,Yogyakarta,8,500000,Transfer Bank
ORD-1491,2026-07-03T00:00:00.000000000,Kesehatan & Kecantikan,Yogyakarta,1,500000,Kartu Kredit
ORD-1492,2026-07-08T00:00:00.000000000,Rumah Tangga,Yogyakarta,5,150000,Kartu Kredit
ORD-1493,2026-07-14T00:00:00.000000000,Rumah Tangga,Yogyakarta,4,75000,COD
ORD-1494,2026-07-24T00:00:00.000000000,Fashion,Yogyakarta,5,25000,Kartu Kredit
ORD-1495,2026-07-18T00:00:00.000000000,Elektronik,Solo,8,150000,E-Wallet
ORD-1496,2026-07-15T00:00:00.000000000,Rumah Tangga,Magelang,4,150000,Kartu Kredit
ORD-1497,2026-07-22T00:00:00.000000000,Kesehatan & Kecantikan,Semarang,4,250000,Transfer Bank
ORD-1498,2026-07-23T00:00:00.000000000,Elektronik,Purworejo,3,100000,E-Wallet
ORD-1499,2026-07-02T00:00:00.000000000,Rumah Tangga,Semarang,7,250000,Transfer Bank
ORD-1500,2026-07-31T00:00:00.000000000,Rumah Tangga,Semarang,3,100000,Transfer Bank
ORD-1501,2026-07-27T00:00:00.000000000,Makanan & Minuman,Magelang,3,100000,Transfer Bank
ORD-1502,2026-07-10T00:00:00.000000000,Makanan & Minuman,Magelang,5,25000,E-Wallet
ORD-1503,2026-07-02T00:00:00.000000000,Fashion,Magelang,5,500000,COD
ORD-1504,2026-07-26T00:00:00.000000000,Elektronik,Yogyakarta,6,25000,E-Wallet
ORD-1505,2026-07-17T00:00:00.000000000,Fashion,Solo,8,75000,Transfer Bank
ORD-1506,2026-07-08T00:00:00.000000000,Kesehatan & Kecantikan,Yogyakarta,6,100000,COD
ORD-1507,2026-07-01T00:00:00.000000000,Elektronik,Solo,1,150000,E-Wallet
ORD-1508,2026-07-09T00:00:00.000000000,Fashion,Solo,8,500000,E-Wallet
ORD-1509,2026-07-11T00:00:00.000000000,Fashion,Semarang,8,50000,COD
ORD-1510,2026-07-22T00:00:00.000000000,Makanan & Minuman,Semarang,9,75000,Transfer Bank
ORD-1511,2026-07-16T00:00:00.000000000,Rumah Tangga,Solo,9,25000,Transfer Bank
ORD-1512,2026-07-07T00:00:00.000000000,Fashion,Solo,2,250000,Kartu Kredit
ORD-1513,2026-07-29T00:00:00.000000000,Fashion,Yogyakarta,2,75000,Transfer Bank
ORD-1514,2026-07-10T00:00:00.000000000,Kesehatan & Kecantikan,Yogyakarta,3,75000,E-Wallet
ORD-1515,2026-07-23T00:00:00.000000000,Fashion,Semarang,1,500000,Kartu Kredit
ORD-1516,2026-07-26T00:00:00.000000000,Elektronik,Magelang,4,75000,COD
ORD-1517,2026-07-03T00:00:00.000000000,Fashion,Solo,4,75000,Transfer Bank
ORD-1518,2026-07-18T00:00:00.000000000,Elektronik,Yogyakarta,9,50000,Transfer Bank
ORD-1519,2026-07-25T00:00:00.000000000,Elektronik,Semarang,9,250000,Transfer Bank
ORD-1520,2026-07-24T00:00:00.000000000,Fashion,Yogyakarta,9,250000,E-Wallet
ORD-1521,2026-07-13T00:00:00.000000000,Fashion,Solo,7,250000,E-Wallet
ORD-1522,2026-07-28T00:00:00.000000000,Rumah Tangga,Solo,2,100000,Transfer Bank
ORD-1523,2026-07-26T00:00:00.000000000,Fashion,Purworejo,5,150000,Kartu Kredit
ORD-1524,2026-07-07T00:00:00.000000000,Makanan & Minuman,Magelang,4,250000,E-Wallet
ORD-1525,2026-07-25T00:00:00.000000000,Makanan & Minuman,Purworejo,8,75000,Transfer Bank
ORD-1526,2026-07-04T00:00:00.000000000,Elektronik,Semarang,2,75000,E-Wallet
ORD-1527,2026-07-13T00:00:00.000000000,Makanan & Minuman,Yogyakarta,6,250000,COD
ORD-1528,2026-07-20T00:00:00.000000000,Elektronik,Semarang,5,500000,Transfer Bank
ORD-1529,2026-07-01T00:00:00.000000000,Rumah Tangga,Solo,2,250000,Transfer Bank
ORD-1530,2026-07-08T00:00:00.000000000,Elektronik,Purworejo,1,75000,COD
ORD-1531,2026-07-14T00:00:00.000000000,Fashion,Purworejo,8,100000,E-Wallet
ORD-1532,2026-07-16T00:00:00.000000000,Elektronik,Purworejo,2,25000,E-Wallet
ORD-1533,2026-07-14T00:00:00.000000000,Rumah Tangga,Semarang,7,25000,E-Wallet
ORD-1534,2026-07-12T00:00:00.000000000,Makanan & Minuman,Solo,9,250000,Transfer Bank
ORD-1535,2026-07-19T00:00:00.000000000,Makanan & Minuman,Yogyakarta,9,50000,Transfer Bank
ORD-1536,2026-07-23T00:00:00.000000000,Elektronik,Yogyakarta,8,250000,E-Wallet
ORD-1537,2026-07-15T00:00:00.000000000,Kesehatan & Kecantikan,Semarang,9,500000,Transfer Bank
ORD-1538,2026-07-28T00:00:00.000000000,Elektronik,Purworejo,2,250000,Transfer Bank
ORD-1539,2026-07-02T00:00:00.000000000,Rumah Tangga,Magelang,6,25000,COD
ORD-1540,2026-07-02T00:00:00.000000000,Elektronik,Semarang,4,75000,Kartu Kredit
ORD-1541,2026-07-23T00:00:00.000000000,Elektronik,Semarang,4,250000,COD
ORD-1542,2026-07-31T00:00:00.000000000,Elektronik,Solo,5,75000,Kartu Kredit
ORD-1543,2026-07-22T00:00:00.000000000,Fashion,Yogyakarta,3,75000,Transfer Bank
ORD-1544,2026-07-19T00:00:00.000000000,Makanan & Minuman,Semarang,1,50000,Kartu Kredit
ORD-1545,2026-07-25T00:00:00.000000000,Elektronik,Semarang,8,75000,Transfer Bank
ORD-1546,2026-07-26T00:00:00.000000000,Kesehatan & Kecantikan,Purworejo,5,25000,Kartu Kredit
ORD-1547,2026-07-31T00:00:00.000000000,Fashion,Purworejo,3,100000,Kartu Kredit
ORD-1548,2026-07-30T00:00:00.000000000,Makanan & Minuman,Magelang,7,100000,COD
ORD-1549,2026-07-29T00:00:00.000000000,Fashion,Solo,7,150000,Kartu Kredit
ORD-1550,2026-07-22T00:00:00.000000000,Fashion,Magelang,1,500000,E-Wallet
ORD-1551,2026-07-26T00:00:00.000000000,Makanan & Minuman,Purworejo,9,250000,Transfer Bank
ORD-1552,2026-07-26T00:00:00.000000000,Elektronik,Yogyakarta,2,500000,E-Wallet
ORD-1553,2026-07-22T00:00:00.000000000,Elektronik,Purworejo,5,25000,E-Wallet
ORD-1554,2026-07-17T00:00:00.000000000,Rumah Tangga,Solo,5,75000,Transfer Bank
ORD-1555,2026-07-20T00:00:00.000000000,Rumah Tangga,Purworejo,8,100000,E-Wallet
ORD-1556,2026-07-10T00:00:00.000000000,Fashion,Solo,8,500000,Kartu Kredit
ORD-1557,2026-07-06T00:00:00.000000000,Fashion,Solo,7,25000,Transfer Bank
ORD-1558,2026-07-15T00:00:00.000000000,Makanan & Minuman,Solo,7,100000,COD
ORD-1559,2026-07-22T00:00:00.000000000,Fashion,Solo,6,75000,Kartu Kredit
ORD-1560,2026-07-11T00:00:00.000000000,Elektronik,Solo,6,500000,Kartu Kredit
ORD-1561,2026-07-28T00:00:00.000000000,Elektronik,Yogyakarta,9,100000,Kartu Kredit
ORD-1562,2026-07-05T00:00:00.000000000,Kesehatan & Kecantikan,Magelang,6,250000,E-Wallet
ORD-1563,2026-07-01T00:00:00.000000000,Makanan & Minuman,Semarang,2,250000,Kartu Kredit
ORD-1564,2026-07-08T00:00:00.000000000,Elektronik,Magelang,2,150000,COD
ORD-1565,2026-07-21T00:00:00.000000000,Elektronik,Solo,5,150000,Transfer Bank
ORD-1566,2026-07-28T00:00:00.000000000,Elektronik,Yogyakarta,4,100000,E-Wallet
ORD-1567,2026-07-12T00:00:00.000000000,Makanan & Minuman,Purworejo,2,25000,COD
ORD-1568,2026-07-12T00:00:00.000000000,Elektronik,Yogyakarta,3,250000,Transfer Bank
ORD-1569,2026-07-05T00:00:00.000000000,Elektronik,Solo,7,25000,E-Wallet
ORD-1570,2026-07-07T00:00:00.000000000,Kesehatan & Kecantikan,Yogyakarta,8,25000,COD
ORD-1571,2026-07-04T00:00:00.000000000,Elektronik,Yogyakarta,6,100000,Transfer Bank
ORD-1572,2026-07-06T00:00:00.000000000,Makanan & Minuman,Solo,5,25000,E-Wallet
ORD-1573,2026-07-13T00:00:00.000000000,Elektronik,Yogyakarta,1,250000,COD
ORD-1574,2026-07-20T00:00:00.000000000,Elektronik,Semarang,8,75000,E-Wallet
ORD-1575,2026-07-30T00:00:00.000000000,Elektronik,Semarang,3,150000,Transfer Bank
ORD-1576,2026-07-15T00:00:00.000000000,Kesehatan & Kecantikan,Yogyakarta,6,75000,Transfer Bank
ORD-1577,2026-07-03T00:00:00.000000000,Rumah Tangga,Purworejo,3,25000,E-Wallet
ORD-1578,2026-07-23T00:00:00.000000000,Kesehatan & Kecantikan,Solo,7,75000,Kartu Kredit
ORD-1579,2026-07-08T00:00:00.000000000,Fashion,Semarang,7,250000,Transfer Bank
ORD-1580,2026-07-20T00:00:00.000000000,Makanan & Minuman,Purworejo,9,250000,E-Wallet
ORD-1581,2026-07-16T00:00:00.000000000,Elektronik,Yogyakarta,5,25000,Transfer Bank
ORD-1582,2026-07-13T00:00:00.000000000,Fashion,Purworejo,8,100000,Transfer Bank
ORD-1583,2026-07-18T00:00:00.000000000,Rumah Tangga,Magelang,8,75000,COD
ORD-1584,2026-07-28T00:00:00.000000000,Elektronik,Semarang,1,100000,COD
ORD-1585,2026-07-10T00:00:00.000000000,Elektronik,Yogyakarta,5,100000,Transfer Bank
ORD-1586,2026-07-30T00:00:00.000000000,Elektronik,Solo,3,50000,E-Wallet
ORD-1587,2026-07-19T00:00:00.000000000,Elektronik,Yogyakarta,1,25000,Transfer Bank
ORD-1588,2026-07-17T00:00:00.000000000,Elektronik,Solo,4,150000,E-Wallet
ORD-1589,2026-07-24T00:00:00.000000000,Makanan & Minuman,Yogyakarta,8,250000,COD
ORD-1590,2026-07-31T00:00:00.000000000,Fashion,Purworejo,3,250000,Transfer Bank
ORD-1591,2026-07-19T00:00:00.000000000,Rumah Tangga,Purworejo,2,25000,Transfer Bank
ORD-1592,2026-07-28T00:00:00.000000000,Kesehatan & Kecantikan,Purworejo,9,500000,E-Wallet
ORD-1593,2026-07-26T00:00:00.000000000,Fashion,Magelang,5,500000,Kartu Kredit
ORD-1594,2026-07-23T00:00:00.000000000,Fashion,Solo,7,500000,Kartu Kredit
ORD-1595,2026-07-26T00:00:00.000000000,Fashion,Purworejo,2,150000,Transfer Bank
ORD-1596,2026-07-05T00:00:00.000000000,Makanan & Minuman,Magelang,9,250000,COD
ORD-1597,2026-07-26T00:00:00.000000000,Fashion,Solo,9,25000,E-Wallet
ORD-1598,2026-07-21T00:00:00.000000000,Makanan & Minuman,Yogyakarta,4,250000,E-Wallet
ORD-1599,2026-07-30T00:00:00.000000000,Fashion,Magelang,4,100000,COD
